"factor","explained_variance_ratio","cumulative_explained_variance"
"F1",0.641657708339723,0.641657708339723
"F2",0.154759415987351,0.796417124327074
