"factor","explained_variance_ratio","cumulative_explained_variance"
"F1",0.606723148407604,0.606723148407604
"F2",0.150827101774505,0.757550250182109
