"factor","explained_variance_ratio","cumulative_explained_variance"
"F1",0.645744462150024,0.645744462150024
"F2",0.153769285993164,0.799513748143188
